"period_type","start_date","end_date","fio","chif_fio","sales_count","sales_sum","item_id","name","max_overcharge_percent","max_overcharge"
"month","2018-11-01","2018-11-30","Алексеев Никита Карлович","Касатый Ника Федотовна","2","1033326","t23","Раствор М100 Пк3","43.12",311326
"week","2018-11-19","2018-11-25","Алексеев Никита Карлович","Касатый Ника Федотовна","2","1033326","t23","Раствор М100 Пк3","43.12",311326
"month","2018-12-01","2018-12-31","Алексеев Никита Карлович","Касатый Ника Федотовна","4","2944260","t11","БСТ B35 П5 F1300 W12","67.16",702448
"week","2018-12-10","2018-12-16","Алексеев Никита Карлович","Касатый Ника Федотовна","1","660240","t6","БСТ B25 П4 F1150 W8","44.47",203240
"week","2018-12-24","2018-12-30","Алексеев Никита Карлович","Касатый Ника Федотовна","3","2284020","t11","БСТ B35 П5 F1300 W12","67.16",702448
"month","2019-01-01","2019-01-31","Алексеев Никита Карлович","Касатый Ника Федотовна","5","3618611","t11","БСТ B35 П5 F1300 W12","62.61",348279
"week","2019-01-07","2019-01-13","Алексеев Никита Карлович","Касатый Ника Федотовна","1","904579","t11","БСТ B35 П5 F1300 W12","62.61",348279
"week","2019-01-14","2019-01-20","Алексеев Никита Карлович","Касатый Ника Федотовна","2","1463382","t5","БСТ B22,5 П4 F1100 W6","50.36",242928
"week","2019-01-21","2019-01-27","Алексеев Никита Карлович","Касатый Ника Федотовна","2","1250650","t19","Мелкозернистый бетон БСМ B25 П3,П4","55.41",246190
"month","2019-04-01","2019-04-30","Алексеев Никита Карлович","Касатый Ника Федотовна","3","1814883","t20","Пусковая смесь","38.44",263508
"week","2019-04-08","2019-04-14","Алексеев Никита Карлович","Касатый Ника Федотовна","1","453288","t21","Раствор кладочный М100 Пк3","10.59",43388
"week","2019-04-22","2019-04-28","Алексеев Никита Карлович","Касатый Ника Федотовна","1","949008","t20","Пусковая смесь","38.44",263508
"week","2019-04-29","2019-04-30","Алексеев Никита Карлович","Касатый Ника Федотовна","1","412587","t23","Раствор М100 Пк3","13.29",48387
"month","2019-11-01","2019-11-30","Алексеев Никита Карлович","Касатый Ника Федотовна","4","2625699","t25","Раствор М200 Пк3","47.00",214085
"week","2019-11-04","2019-11-10","Алексеев Никита Карлович","Касатый Ника Федотовна","2","1308865","t25","Раствор М200 Пк3","47.00",214085
"week","2019-11-18","2019-11-24","Алексеев Никита Карлович","Касатый Ника Федотовна","1","576660","t1","БСТ B 7,5 П3,П4","40.00",164760
"week","2019-11-25","2019-11-30","Алексеев Никита Карлович","Касатый Ника Федотовна","1","740174","t12","БСТ B40 П5 F1300 W14","22.00",133474
"week","2020-02-01","2020-02-02","Алексеев Никита Карлович","Касатый Ника Федотовна","2","974512","t22","Раствор кладочный М150 Пк3","13.00",112112
"month","2020-02-01","2020-02-14","Алексеев Никита Карлович","Касатый Ника Федотовна","2","974512","t22","Раствор кладочный М150 Пк3","13.00",112112
"month","2018-11-01","2018-11-30","Галиаскаров Харитон Ипатиевич","Коченкова Розалия Федоровна","1","787776","t13","БСТ B45 П5 F1300 W16","40.93",228776
"week","2018-11-26","2018-11-30","Галиаскаров Харитон Ипатиевич","Коченкова Розалия Федоровна","1","787776","t13","БСТ B45 П5 F1300 W16","40.93",228776
"month","2018-12-01","2018-12-31","Галиаскаров Харитон Ипатиевич","Коченкова Розалия Федоровна","3","1900408","t19","Мелкозернистый бетон БСМ B25 П3,П4","56.53",244204
"week","2018-12-10","2018-12-16","Галиаскаров Харитон Ипатиевич","Коченкова Розалия Федоровна","2","1224204","t13","БСТ B45 П5 F1300 W16","31.32",175064
"week","2018-12-17","2018-12-23","Галиаскаров Харитон Ипатиевич","Коченкова Розалия Федоровна","1","676204","t19","Мелкозернистый бетон БСМ B25 П3,П4","56.53",244204
"month","2019-01-01","2019-01-31","Галиаскаров Харитон Ипатиевич","Коченкова Розалия Федоровна","1","47549","u2","Упаковка европалет","56.00",17069
"week","2019-01-28","2019-01-31","Галиаскаров Харитон Ипатиевич","Коченкова Розалия Федоровна","1","47549","u2","Упаковка европалет","56.00",17069
"week","2019-04-01","2019-04-07","Галиаскаров Харитон Ипатиевич","Коченкова Розалия Федоровна","1","554449","t8","БСТ B30 П4 F1150 W10","6.97",36149
"month","2019-04-01","2019-04-30","Галиаскаров Харитон Ипатиевич","Коченкова Розалия Федоровна","2","1324958","t12","БСТ B40 П5 F1300 W14","30.95",182109
"week","2019-04-08","2019-04-14","Галиаскаров Харитон Ипатиевич","Коченкова Розалия Федоровна","1","770509","t12","БСТ B40 П5 F1300 W14","30.95",182109
"month","2019-11-01","2019-11-30","Галиаскаров Харитон Ипатиевич","Коченкова Розалия Федоровна","3","1130904","u3","Доставка","80.00",26496
"week","2019-11-11","2019-11-17","Галиаскаров Харитон Ипатиевич","Коченкова Розалия Федоровна","1","59616","u3","Доставка","80.00",26496
"week","2019-11-18","2019-11-24","Галиаскаров Харитон Ипатиевич","Коченкова Розалия Федоровна","2","1071288","t2","БСТ B12,5 П3,П4","41.00",192618
"month","2018-11-01","2018-11-30","Дуболазов Венедикт Эрнестович","Кокоткин Аркадий Анатолиевич","1","664224","t21","Раствор кладочный М100 Пк3","76.66",288224
"week","2018-11-19","2018-11-25","Дуболазов Венедикт Эрнестович","Кокоткин Аркадий Анатолиевич","1","664224","t21","Раствор кладочный М100 Пк3","76.66",288224
"month","2018-12-01","2018-12-31","Дуболазов Венедикт Эрнестович","Кокоткин Аркадий Анатолиевич","3","2450819","t8","БСТ B30 П4 F1150 W10","68.79",649368
"week","2018-12-17","2018-12-23","Дуболазов Венедикт Эрнестович","Кокоткин Аркадий Анатолиевич","2","1593368","t8","БСТ B30 П4 F1150 W10","68.79",649368
"week","2018-12-31","2018-12-31","Дуболазов Венедикт Эрнестович","Кокоткин Аркадий Анатолиевич","1","857451","t9","БСТ B30 П4 F1200 W10","68.79",349451
"month","2019-01-01","2019-01-31","Дуболазов Венедикт Эрнестович","Кокоткин Аркадий Анатолиевич","1","601392","t21","Раствор кладочный М100 Пк3","46.72",191492
"week","2019-01-21","2019-01-27","Дуболазов Венедикт Эрнестович","Кокоткин Аркадий Анатолиевич","1","601392","t21","Раствор кладочный М100 Пк3","46.72",191492
"week","2019-04-01","2019-04-07","Дуболазов Венедикт Эрнестович","Кокоткин Аркадий Анатолиевич","1","862082","t11","БСТ B35 П5 F1300 W12","54.97",305782
"month","2019-04-01","2019-04-30","Дуболазов Венедикт Эрнестович","Кокоткин Аркадий Анатолиевич","4","2644296","t11","БСТ B35 П5 F1300 W12","54.97",305782
"week","2019-04-08","2019-04-14","Дуболазов Венедикт Эрнестович","Кокоткин Аркадий Анатолиевич","1","639699","t5","БСТ B22,5 П4 F1100 W6","32.61",157299
"week","2019-04-22","2019-04-28","Дуболазов Венедикт Эрнестович","Кокоткин Аркадий Анатолиевич","1","469165","t25","Раствор М200 Пк3","12.48",52065
"week","2019-04-29","2019-04-30","Дуболазов Венедикт Эрнестович","Кокоткин Аркадий Анатолиевич","1","673350","t4","БСТ B20 П3,П4","44.93",208750
"month","2019-11-01","2019-11-30","Дуболазов Венедикт Эрнестович","Кокоткин Аркадий Анатолиевич","1","763904","t13","БСТ B45 П5 F1300 W16","28.00",167104
"week","2019-11-04","2019-11-10","Дуболазов Венедикт Эрнестович","Кокоткин Аркадий Анатолиевич","1","763904","t13","БСТ B45 П5 F1300 W16","28.00",167104
"week","2020-02-01","2020-02-02","Дуболазов Венедикт Эрнестович","Кокоткин Аркадий Анатолиевич","1","601392","t21","Раствор кладочный М100 Пк3","34.00",152592
"month","2020-02-01","2020-02-14","Дуболазов Венедикт Эрнестович","Кокоткин Аркадий Анатолиевич","2","1253786","t19","Мелкозернистый бетон БСМ B25 П3,П4","37.00",176194
"week","2020-02-10","2020-02-14","Дуболазов Венедикт Эрнестович","Кокоткин Аркадий Анатолиевич","1","652394","t19","Мелкозернистый бетон БСМ B25 П3,П4","37.00",176194
"month","2018-11-01","2018-11-30","Жилов Всеволод Иосифович","Коченкова Розалия Федоровна","1","824865","t15","БСТ B60 П5 F1300 W20","36.34",219865
"week","2018-11-26","2018-11-30","Жилов Всеволод Иосифович","Коченкова Розалия Федоровна","1","824865","t15","БСТ B60 П5 F1300 W20","36.34",219865
"month","2019-01-01","2019-01-31","Жилов Всеволод Иосифович","Коченкова Розалия Федоровна","2","1432756","t11","БСТ B35 П5 F1300 W12","28.78",320156
"week","2019-01-07","2019-01-13","Жилов Всеволод Иосифович","Коченкова Розалия Федоровна","2","1432756","t11","БСТ B35 П5 F1300 W12","28.78",320156
"week","2019-04-01","2019-04-07","Жилов Всеволод Иосифович","Коченкова Розалия Федоровна","1","587604","t16","Мелкозернистый бетон БСМ B 7,5 П3,П4","50.51",197204
"month","2019-04-01","2019-04-30","Жилов Всеволод Иосифович","Коченкова Розалия Федоровна","3","1889091","t16","Мелкозернистый бетон БСМ B 7,5 П3,П4","50.51",197204
"week","2019-04-08","2019-04-14","Жилов Всеволод Иосифович","Коченкова Розалия Федоровна","1","855447","t12","БСТ B40 П5 F1300 W14","45.39",267047
"week","2019-04-22","2019-04-28","Жилов Всеволод Иосифович","Коченкова Розалия Федоровна","1","446040","t23","Раствор М100 Пк3","22.47",81840
"week","2019-11-01","2019-11-03","Жилов Всеволод Иосифович","Коченкова Розалия Федоровна","1","540766","t16","Мелкозернистый бетон БСМ B 7,5 П3,П4","27.00",114966
"month","2019-11-01","2019-11-30","Жилов Всеволод Иосифович","Коченкова Розалия Федоровна","3","1722005","t25","Раствор М200 Пк3","35.00",159425
"week","2019-11-11","2019-11-17","Жилов Всеволод Иосифович","Коченкова Розалия Федоровна","1","566314","t16","Мелкозернистый бетон БСМ B 7,5 П3,П4","33.00",140514
"week","2019-11-25","2019-11-30","Жилов Всеволод Иосифович","Коченкова Розалия Федоровна","1","614925","t25","Раствор М200 Пк3","35.00",159425
"week","2020-02-01","2020-02-02","Жилов Всеволод Иосифович","Коченкова Розалия Федоровна","1","602768","t13","БСТ B45 П5 F1300 W16","1.00",5968
"month","2020-02-01","2020-02-14","Жилов Всеволод Иосифович","Коченкова Розалия Федоровна","3","1728449","t25","Раствор М200 Пк3","35.00",159425
"week","2020-02-03","2020-02-09","Жилов Всеволод Иосифович","Коченкова Розалия Федоровна","2","1125681","t25","Раствор М200 Пк3","35.00",159425
"month","2018-11-01","2018-11-30","Касатый Ника Федотовна","Касатый Ника Федотовна","3","832672","u3","Доставка","42.80",14175
"week","2018-11-19","2018-11-25","Касатый Ника Федотовна","Касатый Ника Федотовна","2","785377","t12","БСТ B40 П5 F1300 W14","38.45",207241
"week","2018-11-26","2018-11-30","Касатый Ника Федотовна","Касатый Ника Федотовна","1","47295","u3","Доставка","42.80",14175
"month","2018-12-01","2018-12-31","Касатый Ника Федотовна","Касатый Ника Федотовна","4","2599179","t5","БСТ B22,5 П4 F1100 W6","67.90",301476
"week","2018-12-03","2018-12-09","Касатый Ника Федотовна","Касатый Ника Федотовна","1","523113","t1","БСТ B 7,5 П3,П4","32.10",127113
"week","2018-12-17","2018-12-23","Касатый Ника Федотовна","Касатый Ника Федотовна","1","579198","t10","БСТ B35 П5 F1200 W12","19.92",96198
"week","2018-12-24","2018-12-30","Касатый Ника Федотовна","Касатый Ника Федотовна","2","1496868","t5","БСТ B22,5 П4 F1100 W6","67.90",301476
"month","2019-04-01","2019-04-30","Касатый Ника Федотовна","Касатый Ника Федотовна","1","537675","t4","БСТ B20 П3,П4","15.73",73075
"week","2019-04-15","2019-04-21","Касатый Ника Федотовна","Касатый Ника Федотовна","1","537675","t4","БСТ B20 П3,П4","15.73",73075
"month","2019-11-01","2019-11-30","Касатый Ника Федотовна","Касатый Ника Федотовна","3","1791259","t2","БСТ B12,5 П3,П4","40.00",187920
"week","2019-11-04","2019-11-10","Касатый Ника Федотовна","Касатый Ника Федотовна","1","657720","t2","БСТ B12,5 П3,П4","40.00",187920
"week","2019-11-11","2019-11-17","Касатый Ника Федотовна","Касатый Ника Федотовна","1","579469","t18","Мелкозернистый бетон БСМ B22,5 П3,П4","21.00",100569
"week","2019-11-18","2019-11-24","Касатый Ника Федотовна","Касатый Ника Федотовна","1","554070","t5","БСТ B22,5 П4 F1100 W6","10.00",50370
"month","2018-11-01","2018-11-30","Ковпака Людмила Степановна","Янушко Анастасия Антониновна","1","837360","t20","Пусковая смесь","33.98",212360
"week","2018-11-19","2018-11-25","Ковпака Людмила Степановна","Янушко Анастасия Антониновна","1","837360","t20","Пусковая смесь","33.98",212360
"month","2018-12-01","2018-12-31","Ковпака Людмила Степановна","Янушко Анастасия Антониновна","5","2416368","u3","Доставка","46.40",15368
"week","2018-12-10","2018-12-16","Ковпака Людмила Степановна","Янушко Анастасия Антониновна","2","542168","u3","Доставка","46.40",15368
"week","2018-12-24","2018-12-30","Ковпака Людмила Степановна","Янушко Анастасия Антониновна","3","1874200","t4","БСТ B20 П3,П4","40.10",174025
"week","2019-01-01","2019-01-06","Ковпака Людмила Степановна","Янушко Анастасия Антониновна","2","1267839","t22","Раствор кладочный М150 Пк3","45.94",191392
"month","2019-01-01","2019-01-31","Ковпака Людмила Степановна","Янушко Анастасия Антониновна","2","1267839","t22","Раствор кладочный М150 Пк3","45.94",191392
"week","2019-11-01","2019-11-03","Ковпака Людмила Степановна","Янушко Анастасия Антониновна","1","492804","t24","Раствор М150 Пк3","17.00",71604
"month","2019-11-01","2019-11-30","Ковпака Людмила Степановна","Янушко Анастасия Антониновна","6","2064176","u1","Фасовка","78.80",49928
"week","2019-11-04","2019-11-10","Ковпака Людмила Степановна","Янушко Анастасия Антониновна","1","54449","u3","Доставка","64.40",21329
"week","2019-11-11","2019-11-17","Ковпака Людмила Степановна","Янушко Анастасия Антониновна","1","547624","t22","Раствор кладочный М150 Пк3","27.00",116424
"week","2019-11-25","2019-11-30","Ковпака Людмила Степановна","Янушко Анастасия Антониновна","3","969299","u1","Фасовка","78.80",49928
"month","2020-02-01","2020-02-14","Ковпака Людмила Степановна","Янушко Анастасия Антониновна","2","1795832","t12","БСТ B40 П5 F1300 W14","48.00",582432
"week","2020-02-03","2020-02-09","Ковпака Людмила Степановна","Янушко Анастасия Антониновна","2","1795832","t12","БСТ B40 П5 F1300 W14","48.00",582432
"month","2018-11-01","2018-11-30","Кокоткин Аркадий Анатолиевич","Кокоткин Аркадий Анатолиевич","1","822564","t7","БСТ B25 П4 F1200 W10","65.17",324564
"week","2018-11-12","2018-11-18","Кокоткин Аркадий Анатолиевич","Кокоткин Аркадий Анатолиевич","1","822564","t7","БСТ B25 П4 F1200 W10","65.17",324564
"month","2018-12-01","2018-12-31","Кокоткин Аркадий Анатолиевич","Кокоткин Аркадий Анатолиевич","1","488592","t24","Раствор М150 Пк3","31.70",117592
"week","2018-12-03","2018-12-09","Кокоткин Аркадий Анатолиевич","Кокоткин Аркадий Анатолиевич","1","488592","t24","Раствор М150 Пк3","31.70",117592
"month","2019-01-01","2019-01-31","Кокоткин Аркадий Анатолиевич","Кокоткин Аркадий Анатолиевич","2","851099","t13","БСТ B45 П5 F1300 W16","42.95",243848
"week","2019-01-14","2019-01-20","Кокоткин Аркадий Анатолиевич","Кокоткин Аркадий Анатолиевич","1","811648","t13","БСТ B45 П5 F1300 W16","42.95",243848
"week","2019-01-28","2019-01-31","Кокоткин Аркадий Анатолиевич","Кокоткин Аркадий Анатолиевич","1","39451","u4","Дегидрация","21.20",6901
"month","2019-04-01","2019-04-30","Кокоткин Аркадий Анатолиевич","Кокоткин Аркадий Анатолиевич","2","1379248","t8","БСТ B30 П4 F1150 W10","28.78",149192
"week","2019-04-22","2019-04-28","Кокоткин Аркадий Анатолиевич","Кокоткин Аркадий Анатолиевич","2","1379248","t8","БСТ B30 П4 F1150 W10","28.78",149192
"month","2019-11-01","2019-11-30","Кокоткин Аркадий Анатолиевич","Кокоткин Аркадий Анатолиевич","3","1673460","u5","Формовка","50.00",17760
"week","2019-11-04","2019-11-10","Кокоткин Аркадий Анатолиевич","Кокоткин Аркадий Анатолиевич","1","730365","t5","БСТ B22,5 П4 F1100 W6","45.00",226665
"week","2019-11-18","2019-11-24","Кокоткин Аркадий Анатолиевич","Кокоткин Аркадий Анатолиевич","1","53280","u5","Формовка","50.00",17760
"week","2019-11-25","2019-11-30","Кокоткин Аркадий Анатолиевич","Кокоткин Аркадий Анатолиевич","1","889815","t15","БСТ B60 П5 F1300 W20","37.00",240315
"week","2020-02-01","2020-02-02","Кокоткин Аркадий Анатолиевич","Кокоткин Аркадий Анатолиевич","2","89056","u4","Дегидрация","14.00",10936
"month","2020-02-01","2020-02-14","Кокоткин Аркадий Анатолиевич","Кокоткин Аркадий Анатолиевич","2","89056","u4","Дегидрация","14.00",10936
"week","2018-11-01","2018-11-04","Косма Ефросиния Тимуровна","Янушко Анастасия Антониновна","1","38771","u2","Упаковка европалет","27.20",8291
"month","2018-11-01","2018-11-30","Косма Ефросиния Тимуровна","Янушко Анастасия Антониновна","1","38771","u2","Упаковка европалет","27.20",8291
"month","2018-12-01","2018-12-31","Косма Ефросиния Тимуровна","Янушко Анастасия Антониновна","2","87154","u5","Формовка","33.20",11793
"week","2018-12-03","2018-12-09","Косма Ефросиния Тимуровна","Янушко Анастасия Антониновна","1","47313","u5","Формовка","33.20",11793
"week","2018-12-17","2018-12-23","Косма Ефросиния Тимуровна","Янушко Анастасия Антониновна","1","39841","u4","Дегидрация","22.40",7291
"month","2019-01-01","2019-01-31","Косма Ефросиния Тимуровна","Янушко Анастасия Антониновна","2","1350446","t10","БСТ B35 П5 F1200 W12","55.75",270810
"week","2019-01-07","2019-01-13","Косма Ефросиния Тимуровна","Янушко Анастасия Антониновна","1","756610","t10","БСТ B35 П5 F1200 W12","55.75",270810
"week","2019-01-21","2019-01-27","Косма Ефросиния Тимуровна","Янушко Анастасия Антониновна","1","593836","t18","Мелкозернистый бетон БСМ B22,5 П3,П4","34.05",150836
"week","2019-04-01","2019-04-07","Косма Ефросиния Тимуровна","Янушко Анастасия Антониновна","1","39136","u2","Упаковка европалет","28.40",8656
"month","2019-04-01","2019-04-30","Косма Ефросиния Тимуровна","Янушко Анастасия Антониновна","5","2025739","t4","БСТ B20 П3,П4","56.83",264025
"week","2019-04-08","2019-04-14","Косма Ефросиния Тимуровна","Янушко Анастасия Антониновна","1","728625","t4","БСТ B20 П3,П4","56.83",264025
"week","2019-04-22","2019-04-28","Косма Ефросиния Тимуровна","Янушко Анастасия Антониновна","3","1257978","u2","Упаковка европалет","40.40",12314
"month","2019-11-01","2019-11-30","Косма Ефросиния Тимуровна","Янушко Анастасия Антониновна","1","571440","t19","Мелкозернистый бетон БСМ B25 П3,П4","20.00",95240
"week","2019-11-18","2019-11-24","Косма Ефросиния Тимуровна","Янушко Анастасия Антониновна","1","571440","t19","Мелкозернистый бетон БСМ B25 П3,П4","20.00",95240
"month","2020-02-01","2020-02-14","Косма Ефросиния Тимуровна","Янушко Анастасия Антониновна","3","2089943","t25","Раствор М200 Пк3","40.00",182200
"week","2020-02-03","2020-02-09","Косма Ефросиния Тимуровна","Янушко Анастасия Антониновна","2","1287473","t25","Раствор М200 Пк3","40.00",182200
"week","2020-02-10","2020-02-14","Косма Ефросиния Тимуровна","Янушко Анастасия Антониновна","1","802470","t20","Пусковая смесь","15.00",104670
"month","2018-12-01","2018-12-31","Коченкова Розалия Федоровна","Коченкова Розалия Федоровна","3","2113503","t12","БСТ B40 П5 F1300 W14","49.71",267911
"week","2018-12-17","2018-12-23","Коченкова Розалия Федоровна","Коченкова Розалия Федоровна","2","1306592","t9","БСТ B30 П4 F1200 W10","28.60",290592
"week","2018-12-24","2018-12-30","Коченкова Розалия Федоровна","Коченкова Розалия Федоровна","1","806911","t12","БСТ B40 П5 F1300 W14","49.71",267911
"month","2019-01-01","2019-01-31","Коченкова Розалия Федоровна","Коченкова Розалия Федоровна","3","2084710","t16","Мелкозернистый бетон БСМ B 7,5 П3,П4","58.15",227010
"week","2019-01-14","2019-01-20","Коченкова Розалия Федоровна","Коченкова Розалия Федоровна","1","617410","t16","Мелкозернистый бетон БСМ B 7,5 П3,П4","58.15",227010
"week","2019-01-28","2019-01-31","Коченкова Розалия Федоровна","Коченкова Розалия Федоровна","2","1467300","t4","БСТ B20 П3,П4","57.91",538100
"week","2019-04-01","2019-04-07","Коченкова Розалия Федоровна","Коченкова Розалия Федоровна","3","2188194","t11","БСТ B35 П5 F1300 W12","27.68",308014
"month","2019-04-01","2019-04-30","Коченкова Розалия Федоровна","Коченкова Розалия Федоровна","6","4400226","t7","БСТ B25 П4 F1200 W10","57.82",301364
"week","2019-04-15","2019-04-21","Коченкова Розалия Федоровна","Коченкова Розалия Федоровна","2","1389468","t9","БСТ B30 П4 F1200 W10","53.78",295785
"week","2019-04-22","2019-04-28","Коченкова Розалия Федоровна","Коченкова Розалия Федоровна","1","822564","t7","БСТ B25 П4 F1200 W10","57.82",301364
"month","2018-11-01","2018-11-30","Крыжов Дмитрий Прокофиевич","Янушко Анастасия Антониновна","1","638928","t2","БСТ B12,5 П3,П4","56.98",231928
"week","2018-11-05","2018-11-11","Крыжов Дмитрий Прокофиевич","Янушко Анастасия Антониновна","1","638928","t2","БСТ B12,5 П3,П4","56.98",231928
"month","2018-12-01","2018-12-31","Крыжов Дмитрий Прокофиевич","Янушко Анастасия Антониновна","3","1886348","t13","БСТ B45 П5 F1300 W16","60.14",336200
"week","2018-12-03","2018-12-09","Крыжов Дмитрий Прокофиевич","Янушко Анастасия Антониновна","1","448448","t22","Раствор кладочный М150 Пк3","16.18",62448
"week","2018-12-17","2018-12-23","Крыжов Дмитрий Прокофиевич","Янушко Анастасия Антониновна","1","895200","t13","БСТ B45 П5 F1300 W16","60.14",336200
"week","2018-12-24","2018-12-30","Крыжов Дмитрий Прокофиевич","Янушко Анастасия Антониновна","1","542700","t4","БСТ B20 П3,П4","25.05",108700
"week","2019-01-01","2019-01-06","Крыжов Дмитрий Прокофиевич","Янушко Анастасия Антониновна","1","678340","t10","БСТ B35 П5 F1200 W12","39.63",192540
"month","2019-01-01","2019-01-31","Крыжов Дмитрий Прокофиевич","Янушко Анастасия Антониновна","4","1842662","u4","Дегидрация","71.60",23306
"week","2019-01-14","2019-01-20","Крыжов Дмитрий Прокофиевич","Янушко Анастасия Антониновна","2","1108466","t17","Мелкозернистый бетон БСМ B15 П3,П4","10.25",42059
"week","2019-01-21","2019-01-27","Крыжов Дмитрий Прокофиевич","Янушко Анастасия Антониновна","1","55856","u4","Дегидрация","71.60",23306
"month","2019-04-01","2019-04-30","Крыжов Дмитрий Прокофиевич","Янушко Анастасия Антониновна","1","637296","t21","Раствор кладочный М100 Пк3","55.48",227396
"week","2019-04-08","2019-04-14","Крыжов Дмитрий Прокофиевич","Янушко Анастасия Антониновна","1","637296","t21","Раствор кладочный М100 Пк3","55.48",227396
"week","2019-11-01","2019-11-03","Крыжов Дмитрий Прокофиевич","Янушко Анастасия Антониновна","1","712640","t6","БСТ B25 П4 F1150 W8","36.00",188640
"month","2019-11-01","2019-11-30","Крыжов Дмитрий Прокофиевич","Янушко Анастасия Антониновна","4","1956121","u4","Дегидрация","77.60",25259
"week","2019-11-04","2019-11-10","Крыжов Дмитрий Прокофиевич","Янушко Анастасия Антониновна","2","1185672","t3","БСТ B15 П3,П4","27.00",252072
"week","2019-11-11","2019-11-17","Крыжов Дмитрий Прокофиевич","Янушко Анастасия Антониновна","1","57809","u4","Дегидрация","77.60",25259
"week","2018-11-01","2018-11-04","Лашкина Инесса Святославовна","Коченкова Розалия Федоровна","1","592836","t3","БСТ B15 П3,П4","43.20",178836
"month","2018-11-01","2018-11-30","Лашкина Инесса Святославовна","Коченкова Розалия Федоровна","5","2473620","t2","БСТ B12,5 П3,П4","69.68",283606
"week","2018-11-05","2018-11-11","Лашкина Инесса Святославовна","Коченкова Розалия Федоровна","1","518994","t1","БСТ B 7,5 П3,П4","31.06",122994
"week","2018-11-19","2018-11-25","Лашкина Инесса Святославовна","Коченкова Розалия Федоровна","2","1323751","t2","БСТ B12,5 П3,П4","69.68",283606
"week","2018-11-26","2018-11-30","Лашкина Инесса Святославовна","Коченкова Розалия Федоровна","1","38039","u2","Упаковка европалет","24.80",7559
"week","2019-01-01","2019-01-06","Лашкина Инесса Святославовна","Коченкова Розалия Федоровна","2","692564","u4","Дегидрация","47.60",15494
"month","2019-01-01","2019-01-31","Лашкина Инесса Святославовна","Коченкова Розалия Федоровна","5","1346764","u4","Дегидрация","47.60",15494
"week","2019-01-07","2019-01-13","Лашкина Инесса Святославовна","Коченкова Розалия Федоровна","2","93520","u1","Фасовка","47.60",30160
"week","2019-01-21","2019-01-27","Лашкина Инесса Святославовна","Коченкова Розалия Федоровна","1","560680","t6","БСТ B25 П4 F1150 W8","11.78",59080
"week","2019-04-01","2019-04-07","Лашкина Инесса Святославовна","Коченкова Розалия Федоровна","1","583040","t25","Раствор М200 Пк3","39.78",165940
"month","2019-04-01","2019-04-30","Лашкина Инесса Святославовна","Коченкова Розалия Федоровна","4","1956253","u1","Фасовка","44.00",13939
"week","2019-04-08","2019-04-14","Лашкина Инесса Святославовна","Коченкова Розалия Федоровна","1","45619","u1","Фасовка","44.00",13939
"week","2019-04-15","2019-04-21","Лашкина Инесса Святославовна","Коченкова Розалия Федоровна","1","703772","t12","БСТ B40 П5 F1300 W14","19.61",115372
"week","2019-04-22","2019-04-28","Лашкина Инесса Святославовна","Коченкова Розалия Федоровна","1","623822","t19","Мелкозернистый бетон БСМ B25 П3,П4","40.41",179522
"month","2019-11-01","2019-11-30","Лашкина Инесса Святославовна","Коченкова Розалия Федоровна","7","4014479","t1","БСТ B 7,5 П3,П4","23.00",94737
"week","2019-11-11","2019-11-17","Лашкина Инесса Святославовна","Коченкова Розалия Федоровна","2","1168832","t10","БСТ B35 П5 F1200 W12","12.00",125232
"week","2019-11-18","2019-11-24","Лашкина Инесса Святославовна","Коченкова Розалия Федоровна","4","2339010","t14","БСТ B50 П5 F1300 W18","12.00",76428
"week","2019-11-25","2019-11-30","Лашкина Инесса Святославовна","Коченкова Розалия Федоровна","1","506637","t1","БСТ B 7,5 П3,П4","23.00",94737
"month","2018-11-01","2018-11-30","Пряхина Александра Мефодиевна","Коченкова Розалия Федоровна","1","695252","t19","Мелкозернистый бетон БСМ B25 П3,П4","60.94",263252
"week","2018-11-05","2018-11-11","Пряхина Александра Мефодиевна","Коченкова Розалия Федоровна","1","695252","t19","Мелкозернистый бетон БСМ B25 П3,П4","60.94",263252
"month","2018-12-01","2018-12-31","Пряхина Александра Мефодиевна","Коченкова Розалия Федоровна","2","95830","u2","Упаковка европалет","57.20",34870
"week","2018-12-10","2018-12-16","Пряхина Александра Мефодиевна","Коченкова Розалия Федоровна","2","95830","u2","Упаковка европалет","57.20",34870
"month","2019-01-01","2019-01-31","Пряхина Александра Мефодиевна","Коченкова Розалия Федоровна","1","570572","t16","Мелкозернистый бетон БСМ B 7,5 П3,П4","46.15",180172
"week","2019-01-07","2019-01-13","Пряхина Александра Мефодиевна","Коченкова Розалия Федоровна","1","570572","t16","Мелкозернистый бетон БСМ B 7,5 П3,П4","46.15",180172
"week","2019-04-01","2019-04-07","Пряхина Александра Мефодиевна","Коченкова Розалия Федоровна","2","1747296","t12","БСТ B40 П5 F1300 W14","48.48",570496
"month","2019-04-01","2019-04-30","Пряхина Александра Мефодиевна","Коченкова Розалия Федоровна","2","1747296","t12","БСТ B40 П5 F1300 W14","48.48",570496
"week","2019-11-01","2019-11-03","Пряхина Александра Мефодиевна","Коченкова Розалия Федоровна","1","608203","t18","Мелкозернистый бетон БСМ B22,5 П3,П4","27.00",129303
"month","2019-11-01","2019-11-30","Пряхина Александра Мефодиевна","Коченкова Розалия Федоровна","3","1912051","t13","БСТ B45 П5 F1300 W16","35.00",208880
"week","2019-11-18","2019-11-24","Пряхина Александра Мефодиевна","Коченкова Розалия Федоровна","1","805680","t13","БСТ B45 П5 F1300 W16","35.00",208880
"week","2019-11-25","2019-11-30","Пряхина Александра Мефодиевна","Коченкова Розалия Федоровна","1","498168","t21","Раствор кладочный М100 Пк3","11.00",49368
"month","2020-02-01","2020-02-14","Пряхина Александра Мефодиевна","Коченкова Розалия Федоровна","1","619060","t19","Мелкозернистый бетон БСМ B25 П3,П4","30.00",142860
"week","2020-02-10","2020-02-14","Пряхина Александра Мефодиевна","Коченкова Розалия Федоровна","1","619060","t19","Мелкозернистый бетон БСМ B25 П3,П4","30.00",142860
"month","2018-11-01","2018-11-30","Путина Юлия Петровна","Янушко Анастасия Антониновна","2","589228","u2","Упаковка европалет","54.80",16703
"week","2018-11-26","2018-11-30","Путина Юлия Петровна","Янушко Анастасия Антониновна","2","589228","u2","Упаковка европалет","54.80",16703
"month","2018-12-01","2018-12-31","Путина Юлия Петровна","Янушко Анастасия Антониновна","2","1297268","t8","БСТ B30 П4 F1150 W10","71.07",335450
"week","2018-12-10","2018-12-16","Путина Юлия Петровна","Янушко Анастасия Антониновна","1","807450","t8","БСТ B30 П4 F1150 W10","71.07",335450
"week","2018-12-17","2018-12-23","Путина Юлия Петровна","Янушко Анастасия Антониновна","1","489818","t17","Мелкозернистый бетон БСМ B15 П3,П4","23.69",93818
"month","2019-01-01","2019-01-31","Путина Юлия Петровна","Янушко Анастасия Антониновна","4","2554019","t7","БСТ B25 П4 F1200 W10","44.85",233756
"week","2019-01-14","2019-01-20","Путина Юлия Петровна","Янушко Анастасия Антониновна","1","754956","t7","БСТ B25 П4 F1200 W10","44.85",233756
"week","2019-01-21","2019-01-27","Путина Юлия Петровна","Янушко Анастасия Антониновна","3","1799063","t11","БСТ B35 П5 F1300 W12","32.05",178291
"week","2019-04-01","2019-04-07","Путина Юлия Петровна","Янушко Анастасия Антониновна","1","610368","t21","Раствор кладочный М100 Пк3","48.91",200468
"month","2019-04-01","2019-04-30","Путина Юлия Петровна","Янушко Анастасия Антониновна","2","1425600","t21","Раствор кладочный М100 Пк3","48.91",200468
"week","2019-04-22","2019-04-28","Путина Юлия Петровна","Янушко Анастасия Антониновна","1","815232","t14","БСТ B50 П5 F1300 W18","36.46",217832
"month","2019-11-01","2019-11-30","Путина Юлия Петровна","Янушко Анастасия Антониновна","3","1242074","t22","Раствор кладочный М150 Пк3","49.00",211288
"week","2019-11-04","2019-11-10","Путина Юлия Петровна","Янушко Анастасия Антониновна","2","599586","u1","Фасовка","36.80",11658
"week","2019-11-11","2019-11-17","Путина Юлия Петровна","Янушко Анастасия Антониновна","1","642488","t22","Раствор кладочный М150 Пк3","49.00",211288
"month","2018-11-01","2018-11-30","Розенбаха Агния Давидовна","Касатый Ника Федотовна","1","910767","t14","БСТ B50 П5 F1300 W18","58.39",335767
"week","2018-11-26","2018-11-30","Розенбаха Агния Давидовна","Касатый Ника Федотовна","1","910767","t14","БСТ B50 П5 F1300 W18","58.39",335767
"month","2019-01-01","2019-01-31","Розенбаха Агния Давидовна","Касатый Ника Федотовна","1","468342","t23","Раствор М100 Пк3","28.59",104142
"week","2019-01-21","2019-01-27","Розенбаха Агния Давидовна","Касатый Ника Федотовна","1","468342","t23","Раствор М100 Пк3","28.59",104142
"month","2019-04-01","2019-04-30","Розенбаха Агния Давидовна","Касатый Ника Федотовна","4","1982258","u4","Дегидрация","76.40",24868
"week","2019-04-08","2019-04-14","Розенбаха Агния Давидовна","Касатый Ника Федотовна","2","1345371","t8","БСТ B30 П4 F1150 W10","52.67",273001
"week","2019-04-15","2019-04-21","Розенбаха Агния Давидовна","Касатый Ника Федотовна","1","579469","t18","Мелкозернистый бетон БСМ B22,5 П3,П4","30.81",136469
"week","2019-04-22","2019-04-28","Розенбаха Агния Давидовна","Касатый Ника Федотовна","1","57418","u4","Дегидрация","76.40",24868
"month","2018-11-01","2018-11-30","Румянцева Варвара Всеволодовна","Кокоткин Аркадий Анатолиевич","3","1779114","t11","БСТ B35 П5 F1300 W12","46.26",241946
"week","2018-11-05","2018-11-11","Румянцева Варвара Всеволодовна","Кокоткин Аркадий Анатолиевич","2","1256514","t11","БСТ B35 П5 F1300 W12","46.26",241946
"week","2018-11-12","2018-11-18","Румянцева Варвара Всеволодовна","Кокоткин Аркадий Анатолиевич","1","522600","t4","БСТ B20 П3,П4","20.41",88600
"month","2018-12-01","2018-12-31","Румянцева Варвара Всеволодовна","Кокоткин Аркадий Анатолиевич","3","1599320","t6","БСТ B25 П4 F1150 W8","69.70",637040
"week","2018-12-17","2018-12-23","Румянцева Варвара Всеволодовна","Кокоткин Аркадий Анатолиевич","2","1551040","t6","БСТ B25 П4 F1150 W8","69.70",637040
"week","2018-12-24","2018-12-30","Румянцева Варвара Всеволодовна","Кокоткин Аркадий Анатолиевич","1","48280","u2","Упаковка европалет","58.40",17800
"month","2019-01-01","2019-01-31","Румянцева Варвара Всеволодовна","Кокоткин Аркадий Анатолиевич","6","4208328","t9","БСТ B30 П4 F1200 W10","52.72",289952
"week","2019-01-07","2019-01-13","Румянцева Варвара Всеволодовна","Кокоткин Аркадий Анатолиевич","1","839952","t9","БСТ B30 П4 F1200 W10","52.72",289952
"week","2019-01-14","2019-01-20","Румянцева Варвара Всеволодовна","Кокоткин Аркадий Анатолиевич","4","2763088","t10","БСТ B35 П5 F1200 W12","27.82",270284
"week","2019-01-21","2019-01-27","Румянцева Варвара Всеволодовна","Кокоткин Аркадий Анатолиевич","1","605288","t10","БСТ B35 П5 F1200 W12","24.60",119488
"week","2019-04-01","2019-04-07","Румянцева Варвара Всеволодовна","Кокоткин Аркадий Анатолиевич","1","904398","t14","БСТ B50 П5 F1300 W18","51.39",306998
"month","2019-04-01","2019-04-30","Румянцева Варвара Всеволодовна","Кокоткин Аркадий Анатолиевич","1","904398","t14","БСТ B50 П5 F1300 W18","51.39",306998
"month","2019-11-01","2019-11-30","Румянцева Варвара Всеволодовна","Кокоткин Аркадий Анатолиевич","1","623560","t6","БСТ B25 П4 F1150 W8","19.00",99560
"week","2019-11-04","2019-11-10","Румянцева Варвара Всеволодовна","Кокоткин Аркадий Анатолиевич","1","623560","t6","БСТ B25 П4 F1150 W8","19.00",99560
"month","2018-11-01","2018-11-30","Фарест Александр Вячеславович","Касатый Ника Федотовна","3","858756","t9","БСТ B30 П4 F1200 W10","52.71",267789
"week","2018-11-05","2018-11-11","Фарест Александр Вячеславович","Касатый Ника Федотовна","2","818839","t9","БСТ B30 П4 F1200 W10","52.71",267789
"week","2018-11-12","2018-11-18","Фарест Александр Вячеславович","Касатый Ника Федотовна","1","39917","u1","Фасовка","26.00",8237
"month","2018-12-01","2018-12-31","Фарест Александр Вячеславович","Касатый Ника Федотовна","1","583500","t3","БСТ B15 П3,П4","40.94",169500
"week","2018-12-24","2018-12-30","Фарест Александр Вячеславович","Касатый Ника Федотовна","1","583500","t3","БСТ B15 П3,П4","40.94",169500
"month","2019-01-01","2019-01-31","Фарест Александр Вячеславович","Касатый Ника Федотовна","3","1413347","u2","Упаковка европалет","65.60",19995
"week","2019-01-14","2019-01-20","Фарест Александр Вячеславович","Касатый Ника Федотовна","1","668745","t14","БСТ B50 П5 F1300 W18","11.94",71345
"week","2019-01-21","2019-01-27","Фарест Александр Вячеславович","Касатый Ника Федотовна","2","744602","u2","Упаковка европалет","65.60",19995
"month","2019-04-01","2019-04-30","Фарест Александр Вячеславович","Касатый Ника Федотовна","2","1401180","t14","БСТ B50 П5 F1300 W18","17.27",206380
"week","2019-04-15","2019-04-21","Фарест Александр Вячеславович","Касатый Ника Федотовна","2","1401180","t14","БСТ B50 П5 F1300 W18","17.27",206380
"month","2019-11-01","2019-11-30","Фарест Александр Вячеславович","Касатый Ника Федотовна","2","636118","u1","Фасовка","63.20",20022
"week","2019-11-04","2019-11-10","Фарест Александр Вячеславович","Касатый Ника Федотовна","1","51702","u1","Фасовка","63.20",20022
"week","2019-11-25","2019-11-30","Фарест Александр Вячеславович","Касатый Ника Федотовна","1","584416","t10","БСТ B35 П5 F1200 W12","12.00",62616
"month","2020-02-01","2020-02-14","Фарест Александр Вячеславович","Касатый Ника Федотовна","2","1508724","t15","БСТ B60 П5 F1300 W20","23.00",149385
"week","2020-02-10","2020-02-14","Фарест Александр Вячеславович","Касатый Ника Федотовна","2","1508724","t15","БСТ B60 П5 F1300 W20","23.00",149385
"week","2018-11-01","2018-11-04","Янушко Анастасия Антониновна","Янушко Анастасия Антониновна","1","895200","t13","БСТ B45 П5 F1300 W16","60.14",336200
"month","2018-11-01","2018-11-30","Янушко Анастасия Антониновна","Янушко Анастасия Антониновна","1","895200","t13","БСТ B45 П5 F1300 W16","60.14",336200
"month","2018-12-01","2018-12-31","Янушко Анастасия Антониновна","Янушко Анастасия Антониновна","8","3996254","t25","Раствор М200 Пк3","59.01",224815
"week","2018-12-03","2018-12-09","Янушко Анастасия Антониновна","Янушко Анастасия Антониновна","2","1169796","t1","БСТ B 7,5 П3,П4","47.70",377796
"week","2018-12-10","2018-12-16","Янушко Анастасия Антониновна","Янушко Анастасия Антониновна","3","1001699","u4","Дегидрация","41.60",13541
"week","2018-12-17","2018-12-23","Янушко Анастасия Антониновна","Янушко Анастасия Антониновна","2","1174999","t25","Раствор М200 Пк3","59.01",224815
"week","2018-12-24","2018-12-30","Янушко Анастасия Антониновна","Янушко Анастасия Антониновна","1","649760","t6","БСТ B25 П4 F1150 W8","42.18",192760
"week","2019-01-01","2019-01-06","Янушко Анастасия Антониновна","Янушко Анастасия Антониновна","1","482830","t25","Раствор М200 Пк3","15.76",65730
"month","2019-01-01","2019-01-31","Янушко Анастасия Антониновна","Янушко Анастасия Антониновна","4","2562741","t4","БСТ B20 П3,П4","43.85",203725
"week","2019-01-07","2019-01-13","Янушко Анастасия Антониновна","Янушко Анастасия Антониновна","2","1411586","t9","БСТ B30 П4 F1200 W10","28.33",311586
"week","2019-01-28","2019-01-31","Янушко Анастасия Антониновна","Янушко Анастасия Антониновна","1","668325","t4","БСТ B20 П3,П4","43.85",203725
"month","2019-04-01","2019-04-30","Янушко Анастасия Антониновна","Янушко Анастасия Антониновна","1","681483","t14","БСТ B50 П5 F1300 W18","14.07",84083
"week","2019-04-08","2019-04-14","Янушко Анастасия Антониновна","Янушко Анастасия Антониновна","1","681483","t14","БСТ B50 П5 F1300 W18","14.07",84083
"week","2019-11-01","2019-11-03","Янушко Анастасия Антониновна","Янушко Анастасия Антониновна","2","1644906","t9","БСТ B30 П4 F1200 W10","41.00",478306
"month","2019-11-01","2019-11-30","Янушко Анастасия Антониновна","Янушко Анастасия Антониновна","3","2456202","t7","БСТ B25 П4 F1200 W10","44.00",247896
"week","2019-11-18","2019-11-24","Янушко Анастасия Антониновна","Янушко Анастасия Антониновна","1","811296","t7","БСТ B25 П4 F1200 W10","44.00",247896
"month","2018-11-01","2018-11-30","Янчуковский Ярослав Модестович","Янушко Анастасия Антониновна","1","54559","u5","Формовка","53.60",19039
"week","2018-11-26","2018-11-30","Янчуковский Ярослав Модестович","Янушко Анастасия Антониновна","1","54559","u5","Формовка","53.60",19039
"month","2018-12-01","2018-12-31","Янчуковский Ярослав Модестович","Янушко Анастасия Антониновна","2","1123069","t24","Раствор М150 Пк3","53.27",197620
"week","2018-12-03","2018-12-09","Янчуковский Ярослав Модестович","Янушко Анастасия Антониновна","1","554449","t8","БСТ B30 П4 F1150 W10","17.47",82449
"week","2018-12-10","2018-12-16","Янчуковский Ярослав Модестович","Янушко Анастасия Антониновна","1","568620","t24","Раствор М150 Пк3","53.27",197620
"week","2019-01-01","2019-01-06","Янчуковский Ярослав Модестович","Янушко Анастасия Антониновна","1","662448","t13","БСТ B45 П5 F1300 W16","16.67",94648
"month","2019-01-01","2019-01-31","Янчуковский Ярослав Модестович","Янушко Анастасия Антониновна","3","1223452","u1","Фасовка","48.80",15460
"week","2019-01-07","2019-01-13","Янчуковский Ярослав Модестович","Янушко Анастасия Антониновна","2","561004","u1","Фасовка","48.80",15460
"week","2019-04-01","2019-04-07","Янчуковский Ярослав Модестович","Янушко Анастасия Антониновна","2","1243284","t5","БСТ B22,5 П4 F1100 W6","53.49",258039
"month","2019-04-01","2019-04-30","Янчуковский Ярослав Модестович","Янушко Анастасия Антониновна","3","1674988","t5","БСТ B22,5 П4 F1100 W6","53.49",258039
"week","2019-04-15","2019-04-21","Янчуковский Ярослав Модестович","Янушко Анастасия Антониновна","1","431704","t17","Мелкозернистый бетон БСМ B15 П3,П4","5.19",21304
"month","2019-11-01","2019-11-30","Янчуковский Ярослав Модестович","Янушко Анастасия Антониновна","3","2355523","t5","БСТ B22,5 П4 F1100 W6","43.00",216591
"week","2019-11-11","2019-11-17","Янчуковский Ярослав Модестович","Янушко Анастасия Антониновна","3","2355523","t5","БСТ B22,5 П4 F1100 W6","43.00",216591
"month","2018-12-01","2018-12-31","Янькова Елизавета Антониновна","Коченкова Розалия Федоровна","1","608025","t4","БСТ B20 П3,П4","40.10",174025
"week","2018-12-03","2018-12-09","Янькова Елизавета Антониновна","Коченкова Розалия Федоровна","1","608025","t4","БСТ B20 П3,П4","40.10",174025
"week","2019-01-01","2019-01-06","Янькова Елизавета Антониновна","Коченкова Розалия Федоровна","1","699194","t18","Мелкозернистый бетон БСМ B22,5 П3,П4","57.83",256194
"month","2019-01-01","2019-01-31","Янькова Елизавета Антониновна","Коченкова Розалия Федоровна","1","699194","t18","Мелкозернистый бетон БСМ B22,5 П3,П4","57.83",256194
"week","2019-04-01","2019-04-07","Янькова Елизавета Антониновна","Коченкова Розалия Федоровна","1","581256","t24","Раствор М150 Пк3","49.27",191856
"month","2019-04-01","2019-04-30","Янькова Елизавета Антониновна","Коченкова Розалия Федоровна","1","581256","t24","Раствор М150 Пк3","49.27",191856
